,Nsp1,Nsp2,Nsp3,Nsp4,Nsp5,Nsp6,Nsp7,Nsp8,Nsp9,Nsp10,RdRp,Hel,ExoN,NendoU,2Omethyltransferase,S1,S2,Orf3,Orf4a,Orf4b,Orf5,E,M,Orf8b,N
Camel,0.0009020244142329677,0.00013009970124108972,0.00041648039320998974,0.000751919933400762,0.0001224120272110424,-8.341627365703916e-05,-0.0006950076236884841,-0.00016058137012421383,0.00020717336971873672,0.000197545376957699,0.00035793923408367566,0.00010149822961512314,0.0003372031675651056,-0.0004705735405281292,0.00033451689173628316,0.000592860174512374,-0.0001375453831465361,0.005128386862398731,0.0016051291250235163,-0.0008983834127706744,0.0005819487983414833,0.0013977384051325939,-5.189663580119877e-05,0.0013292525471704838,0.00035144404376666615
