,Nsp1,Nsp2,Nsp3,Nsp4,Nsp5,Nsp6,Nsp7,Nsp8,Nsp9,Nsp10,RdRp,Hel,ExoN,NendoU,2Omethyltransferase,S1,S2,Orf3,Orf4a,Orf4b,Orf5,E,M,Orf8b,N
Camel,0.0020310159677717596,0.0005350448125711612,0.0012875794128116083,0.0007248434903091073,5.983976678965661e-05,0.00011020946004780907,-5.67684835587131e-06,0.0001583234449652371,0.0,0.001542100763861596,1.0290392085409527e-05,0.00024902629332218627,0.00025954299488089124,0.0005783463136455176,0.00022525199390662921,0.00041637483377601254,-0.0003149256701013385,0.006998070377291267,0.003470966271111484,0.0015005910749474438,-0.000416235168302131,-0.0009333488540447659,0.0023645144183266275,0.001008603746921986,0.0008991655053950709
