,Nsp7,Nsp10,Nsp9,RdRpb,E,Orf4a,Nsp2,N,Nsp8,Nsp4,Orf8b,Nsp3,NendoU,M,RdRpa,Nsp1,Orf5,Hel,2Omethyltransferase,ExoN,S2,Orf3,S1,Nsp6,Orf4b,Nsp5
Human,0.0,0.0014368982243937929,-2.45461903109412e-05,0.8407353080222332,0.0015359921097975074,0.002516350323055977,4.9201123195426807e-05,0.00025961274534571353,2.8563487878864984e-05,0.0003688634353362501,0.001491683129101695,0.0007916140396430867,0.00016118021940909872,0.0005918631302207042,0.0001555022828999515,0.0006370734661243812,0.00045951111594399563,1.5742311003484402e-05,0.020087520426281202,0.0007384490599706477,-2.8302651692357025e-05,0.0030042594888196688,0.0002829951583702029,-2.502271784983025e-05,0.0008073054841894044,1.3779160264844657e-05
Camel,-2.1128708336952287e-05,1.760361043755301e-05,5.994030015334588e-05,0.45703839127364343,0.0001747986787096485,0.0005375471678130887,0.00013538545340412172,0.0003762821535610944,1.553932378474183e-05,0.00021752163046708068,0.00023898025491630212,0.00033390928305266883,6.862559490746484e-06,-3.514233066246059e-05,0.0,0.00032078937391405855,0.00046074521487807473,0.0002209142626962133,0.13024907988338533,8.498716991317991e-05,-9.679803520772602e-05,0.004453123951343939,0.00022262999603801792,0.0001757823451189085,0.0005739744016947584,0.0002919552776694434
