,Nsp5,S2,Hel,E,N,S1,Orf5,Orf8b,2Omethyltransferase,Orf3,Nsp2,Nsp3,Nsp9,Nsp1,NendoU,RdRpb,M,Nsp10,Nsp8,Nsp4,RdRpa,Orf4b,ExoN,Orf4a,Nsp7,Nsp6
Human,1.3779160264844657e-05,-2.8302651692357025e-05,1.5742311003484402e-05,0.0015359921097975074,0.00025961274534571353,0.0002829951583702029,0.00045951111594399563,0.001491683129101695,0.020087520426281202,0.0030042594888196688,4.9201123195426807e-05,0.0007916140396430867,-2.45461903109412e-05,0.0006370734661243812,0.00016118021940909872,0.8407353080222332,0.0005918631302207042,0.0014368982243937929,2.8563487878864984e-05,0.0003688634353362501,0.0001555022828999515,0.0008073054841894044,0.0007384490599706477,0.002516350323055977,0.0,-2.502271784983025e-05
Camel,0.0002919552776694434,-9.679803520772602e-05,0.0002209142626962133,0.0001747986787096485,0.0003762821535610944,0.00022262999603801792,0.00046074521487807473,0.00023898025491630212,0.13024907988338533,0.004453123951343939,0.00013538545340412172,0.00033390928305266883,5.994030015334588e-05,0.00032078937391405855,6.862559490746484e-06,0.45703839127364343,-3.514233066246059e-05,1.760361043755301e-05,1.553932378474183e-05,0.00021752163046708068,0.0,0.0005739744016947584,8.498716991317991e-05,0.0005375471678130887,-2.1128708336952287e-05,0.0001757823451189085
