,Nsp1,Nsp2,Nsp3,Nsp4,Nsp5,Nsp6,Nsp7,Nsp8,Nsp9,Nsp10,RdRp,Hel,ExoN,NendoU,2Omethyltransferase,S1,S2,Orf3,Orf4a,Orf4b,Orf5,E,M,Orf8b,N
Camel,0.0010070674086323018,0.0008689235955594995,0.0011589010558481624,0.000747514826754565,0.0008784639162771792,0.0005440196823984182,-6.303424348102007e-05,4.6369232814622245e-05,0.0001802421110016468,0.0002548152017554686,0.00048346726837476004,0.0006652407909914928,0.00038493176329308177,1.8152974543235947e-05,0.00043258439311473496,0.0006422601575005405,-0.0002642557525135096,0.010101718141599698,0.001010491901428117,0.0016916022708253558,0.001301986753124469,0.0003535965157735143,-5.8914820200448384e-05,0.0028644546523954456,0.0009416418389001744
