{"virus": "mersAfrica", "subtype": null, "gene": "Hel", "window": 3, "min_seqs": 3, "midfreq_high": 0.75, "midfreq_low": 0.15, "window_midpoint": [2014.5, 2015.5, 2016.5, 2017.5, 2018.5, 2019.5, 2020.5, 2021.5], "adaptive_substitutions": [0.0, 0.0, 0.0, 0.0, 0.9090838689692559, 0.8853868194842407, 0.9369627507163324, 0.9369627507163324], "adaptive_substitutions_per_codon": [0.0, 0.0, 0.0, 0.0, 0.001520207138744575, 0.0014805799656927101, 0.001566827342335004, 0.001566827342335004], "rate_of_adaptation": 0.0002948080374266994}