{"virus": "mersAfrica", "subtype": null, "gene": "ORF4b", "window": 1, "min_seqs": 5, "midfreq_high": 0.9, "midfreq_low": 0.15, "window_midpoint": [2015.5, 2016.5, 2017.5, 2019.5, 2022.5], "adaptive_substitutions": [0.0, 0.8382456895226973, 1.8382456895226973, 1.8382456895226973, 0.0], "adaptive_substitutions_per_codon": [0.0, 0.003393707245031163, 0.00744229024098258, 0.00744229024098258, 0.0], "rate_of_adaptation": -0.0001016804202812682}