{"virus": "mersAsia", "subtype": null, "gene": "Nsp1", "window": 1, "min_seqs": 3, "midfreq_high": 0.9, "midfreq_low": 0.15, "window_midpoint": [2013.5, 2014.5, 2015.5, 2016.5, 2017.5, 2018.5], "adaptive_substitutions": [0.0, 0.0, 0.0, 0.8382861091914305, 0.0, 1.8382861091914307], "adaptive_substitutions_per_codon": [0.0, 0.0, 0.0, 0.00434345134296078, 0.0, 0.009524798493219848], "rate_of_adaptation": 0.0014847841088302864}