{"virus": "mersAsia", "subtype": null, "gene": "Nsp10", "window": 1, "min_seqs": 3, "midfreq_high": 0.9, "midfreq_low": 0.15, "window_midpoint": [2013.5, 2014.5, 2015.5, 2016.5, 2017.5, 2018.5], "adaptive_substitutions": [0.0, 0.0, 0.0, 0.92, 0.0, 1.0], "adaptive_substitutions_per_codon": [0.0, 0.0, 0.0, 0.006571428571428572, 0.0, 0.007142857142857143], "rate_of_adaptation": 0.0012081632653061225}