{"virus": "mers", "subtype": null, "gene": "2Omethyltransferase", "window": 1, "min_seqs": 5, "midfreq_high": 0.75, "midfreq_low": 0.15, "window_midpoint": [2013.5, 2014.5, 2015.5, 2016.5, 2017.5, 2018.5, 2019.5, 2022.5], "adaptive_substitutions": [0.0, 0.0, 0.0, 0.0, 0.0, 0.0, 0.0, 1.0], "adaptive_substitutions_per_codon": [0.0, 0.0, 0.0, 0.0, 0.0, 0.0, 0.0, 0.0033003300330033004], "rate_of_adaptation": 0.00029120559114735004}