{"virus": "mersAfrica", "subtype": null, "gene": "Hel", "window": 1, "min_seqs": 5, "midfreq_high": 0.9, "midfreq_low": 0.15, "window_midpoint": [2015.5, 2016.5, 2017.5, 2019.5, 2022.5], "adaptive_substitutions": [0.0, 0.0, 0.9369627507163324, 0.9369627507163324, 0.7163323782234957], "adaptive_substitutions_per_codon": [0.0, 0.0, 0.001566827342335004, 0.001566827342335004, 0.0011978802311429695], "rate_of_adaptation": 0.00018369571129008032}