{"virus": "mersAsia", "subtype": null, "gene": "Nsp1", "window": 2, "min_seqs": 5, "midfreq_high": 0.75, "midfreq_low": 0.15, "window_midpoint": [2014.0, 2015.0, 2016.0, 2017.0, 2018.0], "adaptive_substitutions": [0.0, 0.0, 0.0, 0.9308914996544575, 0.8996281304505216], "adaptive_substitutions_per_codon": [0.0, 0.0, 0.0, 0.004823272018935013, 0.004661285650002703], "rate_of_adaptation": 0.001414584331894042}