{"virus": "mers", "subtype": null, "gene": "ORF3", "window": 1, "min_seqs": 5, "midfreq_high": 0.75, "midfreq_low": 0.15, "window_midpoint": [2013.5, 2014.5, 2015.5, 2016.5, 2017.5, 2018.5, 2019.5, 2022.5], "adaptive_substitutions": [0.0, 0.0, 0.0, 0.0, 0.0, 0.8196248196248197, 4.512987012987013, 0.0], "adaptive_substitutions_per_codon": [0.0, 0.0, 0.0, 0.0, 0.0, 0.007881007881007882, 0.043394105894105896, 0.0], "rate_of_adaptation": 0.0018065209766890441}