{"virus": "mersAfrica", "subtype": null, "gene": "S2", "window": 3, "min_seqs": 5, "midfreq_high": 0.75, "midfreq_low": 0.15, "window_midpoint": [2014.5, 2015.5, 2016.5, 2017.5, 2018.5, 2019.5, 2020.5, 2021.5], "adaptive_substitutions": [0.0, 0.0, 0.0, 0.0, 0.8674675394042983, 0.8436938555515631, 0.8954365792310457, 1.6863097376931369], "adaptive_substitutions_per_codon": [0.0, 0.0, 0.0, 0.0, 0.0014409759790769076, 0.0014014848098863174, 0.0014874361781246606, 0.0028011789662676693], "rate_of_adaptation": 0.0003891769531337244}