{"virus": "mers", "subtype": null, "gene": "Hel", "window": 2, "min_seqs": 5, "midfreq_high": 0.75, "midfreq_low": 0.15, "window_midpoint": [2014.0, 2015.0, 2016.0, 2017.0, 2018.0, 2019.0, 2020.0, 2022.0], "adaptive_substitutions": [0.0, 0.0, 0.0, 0.0, 0.0, 1.4329620051720708, 1.763676148796499, 1.487964989059081], "adaptive_substitutions_per_codon": [0.0, 0.0, 0.0, 0.0, 0.0, 0.00239625753373256, 0.0029492912187232424, 0.002488235767657326], "rate_of_adaptation": 0.00042477097216743394}