{"virus": "mersAfrica", "subtype": null, "gene": "ORF3", "window": 1, "min_seqs": 5, "midfreq_high": 0.75, "midfreq_low": 0.15, "window_midpoint": [2015.5, 2016.5, 2017.5, 2019.5, 2022.5], "adaptive_substitutions": [0.0, 2.1177817552680978, 2.0, 4.470626118669152, 0.0], "adaptive_substitutions_per_codon": [0.0, 0.020363286108347093, 0.019230769230769232, 0.042986789602588, 0.0], "rate_of_adaptation": -1.4752690147225805e-05}