{"virus": "mersAfrica", "subtype": null, "gene": "ORF8b", "window": 3, "min_seqs": 3, "midfreq_high": 0.9, "midfreq_low": 0.01, "window_midpoint": [2014.5, 2015.5, 2016.5, 2017.5, 2018.5, 2019.5, 2020.5, 2021.5], "adaptive_substitutions": [0.0, 0.0, 0.0, 0.0, 0.9713027634375949, 0.9469101123595505, 1.0, 3.0], "adaptive_substitutions_per_codon": [0.0, 0.0, 0.0, 0.0, 0.008595599676438893, 0.008379735507606642, 0.008849557522123894, 0.02654867256637168], "rate_of_adaptation": 0.0031407535925533337}