{"virus": "mers", "subtype": null, "gene": "S2", "window": 2, "min_seqs": 3, "midfreq_high": 0.75, "midfreq_low": 0.15, "window_midpoint": [2014.0, 2015.0, 2016.0, 2017.0, 2018.0, 2019.0, 2020.0, 2022.0], "adaptive_substitutions": [0.0, 0.0, 0.0, 0.0, 0.0, 1.2799205865407564, 1.5271913569455613, 0.0], "adaptive_substitutions_per_codon": [0.0, 0.0, 0.0, 0.0, 0.0, 0.0021261139311308246, 0.002536862719178673, 0.0], "rate_of_adaptation": 0.00017941765640810492}