{"virus": "mersAsia", "subtype": null, "gene": "Nsp2", "window": 1, "min_seqs": 3, "midfreq_high": 0.9, "midfreq_low": 0.15, "window_midpoint": [2013.5, 2014.5, 2015.5, 2016.5, 2017.5, 2018.5], "adaptive_substitutions": [0.0, 0.0, 0.0, 1.0, 0.0, 1.0], "adaptive_substitutions_per_codon": [0.0, 0.0, 0.0, 0.0015151515151515152, 0.0, 0.0015151515151515152], "rate_of_adaptation": 0.00025974025974025974}