{"virus": "mers", "subtype": null, "gene": "ORF3", "window": 3, "min_seqs": 5, "midfreq_high": 0.75, "midfreq_low": 0.15, "window_midpoint": [2014.5, 2015.5, 2016.5, 2017.5, 2018.5, 2019.5, 2020.5, 2021.5], "adaptive_substitutions": [0.0, 0.0, 0.0, 0.0, 0.0, 0.7295313382269905, 2.450413223140496, 6.753246753246753], "adaptive_substitutions_per_codon": [0.0, 0.0, 0.0, 0.0, 0.0, 0.007014724406028754, 0.023561665607120155, 0.06493506493506493], "rate_of_adaptation": 0.007064261378561209}