{"virus": "mers", "subtype": null, "gene": "Nsp3", "window": 2, "min_seqs": 5, "midfreq_high": 0.75, "midfreq_low": 0.15, "window_midpoint": [2014.0, 2015.0, 2016.0, 2017.0, 2018.0, 2019.0, 2020.0, 2022.0], "adaptive_substitutions": [0.0, 0.0, 0.0, 0.0, 0.0, 14.216486036507845, 17.243211370996995, 34.3648170564955], "adaptive_substitutions_per_codon": [0.0, 0.0, 0.0, 0.0, 0.0, 0.007533908869373527, 0.00913789685797403, 0.01821134979146555], "rate_of_adaptation": 0.002240326517709047}