{"virus": "mers", "subtype": null, "gene": "Nsp1", "window": 3, "min_seqs": 5, "midfreq_high": 0.75, "midfreq_low": 0.15, "window_midpoint": [2014.5, 2015.5, 2016.5, 2017.5, 2018.5, 2019.5, 2020.5, 2021.5], "adaptive_substitutions": [0.0, 0.0, 0.0, 0.0, 0.0, 0.8695652173913043, 1.0, 3.625], "adaptive_substitutions_per_codon": [0.0, 0.0, 0.0, 0.0, 0.0, 0.004505519261094841, 0.0051813471502590676, 0.01878238341968912], "rate_of_adaptation": 0.0020345235413381396}