{"virus": "mers", "subtype": null, "gene": "Nsp2", "window": 3, "min_seqs": 5, "midfreq_high": 0.75, "midfreq_low": 0.15, "window_midpoint": [2014.5, 2015.5, 2016.5, 2017.5, 2018.5, 2019.5, 2020.5, 2021.5], "adaptive_substitutions": [0.0, 0.0, 0.0, 0.0, 0.0, 2.89173705324969, 3.4811520086439565, 3.561666021880015], "adaptive_substitutions_per_codon": [0.0, 0.0, 0.0, 0.0, 0.0, 0.004381419777651045, 0.005274472740369631, 0.005396463669515174], "rate_of_adaptation": 0.0009201412943024703}