{"virus": "mersAsia", "subtype": null, "gene": "ORF4b", "window": 1, "min_seqs": 3, "midfreq_high": 0.9, "midfreq_low": 0.15, "window_midpoint": [2013.5, 2014.5, 2015.5, 2016.5, 2017.5, 2018.5], "adaptive_substitutions": [0.0, 0.0, 0.0, 1.0, 0.9720360939873135, 0.0], "adaptive_substitutions_per_codon": [0.0, 0.0, 0.0, 0.004048582995951417, 0.0039353688015680705, 0.0], "rate_of_adaptation": 0.0004529911257330179}