{"virus": "mers", "subtype": null, "gene": "ORF5", "window": 3, "min_seqs": 5, "midfreq_high": 0.75, "midfreq_low": 0.15, "window_midpoint": [2014.5, 2015.5, 2016.5, 2017.5, 2018.5, 2019.5, 2020.5, 2021.5], "adaptive_substitutions": [0.0, 0.0, 0.0, 0.0, 0.0, 0.7662018047579984, 0.9085631349782293, 1.9085631349782293], "adaptive_substitutions_per_codon": [0.0, 0.0, 0.0, 0.0, 0.0, 0.0034053413544799928, 0.004038058377681019, 0.008482502822125463], "rate_of_adaptation": 0.0010688551869848014}