{"virus": "mersAfrica", "subtype": null, "gene": "ORF3", "window": 3, "min_seqs": 5, "midfreq_high": 0.75, "midfreq_low": 0.15, "window_midpoint": [2014.5, 2015.5, 2016.5, 2017.5, 2018.5, 2019.5, 2020.5, 2021.5], "adaptive_substitutions": [0.0, 0.0, 0.0, 0.8319447995775087, 1.846510627759514, 1.689097879218391, 4.4920149623592875, 6.647227194085122], "adaptive_substitutions_per_codon": [0.0, 0.0, 0.0, 0.007999469226706813, 0.017754909882303018, 0.0162413257617153, 0.043192451561147, 0.06391564609697233], "rate_of_adaptation": 0.00859346664792004}