{"virus": "mers", "subtype": null, "gene": "RdRp", "window": 2, "min_seqs": 5, "midfreq_high": 0.75, "midfreq_low": 0.15, "window_midpoint": [2014.0, 2015.0, 2016.0, 2017.0, 2018.0, 2019.0, 2020.0, 2022.0], "adaptive_substitutions": [0.0, 0.0, 0.0, 0.0, 0.0, 1.6363636363636365, 2.0, 4.0], "adaptive_substitutions_per_codon": [0.0, 0.0, 0.0, 0.0, 0.0, 0.0017538731365097926, 0.0021436227224008574, 0.004287245444801715], "rate_of_adaptation": 0.0005265038265545967}