{"virus": "mersAfrica", "subtype": null, "gene": "S1", "window": 1, "min_seqs": 5, "midfreq_high": 0.9, "midfreq_low": 0.15, "window_midpoint": [2015.5, 2016.5, 2017.5, 2019.5, 2022.5], "adaptive_substitutions": [0.0, 0.0, 2.8026315789473686, 2.8026315789473686, 0.0], "adaptive_substitutions_per_codon": [0.0, 0.0, 0.0038287316652286458, 0.0038287316652286458, 0.0], "rate_of_adaptation": 4.9723787860112265e-05}