{"virus": "mersAfrica", "subtype": null, "gene": "ORF4b", "window": 1, "min_seqs": 5, "midfreq_high": 0.75, "midfreq_low": 0.15, "window_midpoint": [2015.5, 2016.5, 2017.5, 2019.5, 2022.5], "adaptive_substitutions": [0.0, 4.676491379045395, 1.8382456895226973, 1.8382456895226973, 0.0], "adaptive_substitutions_per_codon": [0.0, 0.018933163477916577, 0.00744229024098258, 0.00744229024098258, 0.0], "rate_of_adaptation": -0.001009830459865481}