{"virus": "mersAfrica", "subtype": null, "gene": "Exon", "window": 1, "min_seqs": 5, "midfreq_high": 0.9, "midfreq_low": 0.15, "window_midpoint": [2015.5, 2016.5, 2017.5, 2019.5, 2022.5], "adaptive_substitutions": [0.0, 0.0, 0.0, 0.0, 2.4294003868471954], "adaptive_substitutions_per_codon": [0.0, 0.0, 0.0, 0.0, 0.004636260280242739], "rate_of_adaptation": 0.0006322173109421917}