{"virus": "mersAfrica", "subtype": null, "gene": "S2", "window": 1, "min_seqs": 5, "midfreq_high": 0.75, "midfreq_low": 0.15, "window_midpoint": [2015.5, 2016.5, 2017.5, 2019.5, 2022.5], "adaptive_substitutions": [0.0, 0.7581746316924183, 0.8605821056413943, 0.8605821056413943, 0.0], "adaptive_substitutions_per_codon": [0.0, 0.0012594262984923891, 0.00142953838146411, 0.00142953838146411, 0.0], "rate_of_adaptation": -5.5037402100670674e-05}