{"virus": "mersAsia", "subtype": null, "gene": "N", "window": 2, "min_seqs": 3, "midfreq_high": 0.75, "midfreq_low": 0.15, "window_midpoint": [2014.0, 2015.0, 2016.0, 2017.0, 2018.0], "adaptive_substitutions": [0.0, 0.0, 0.0, 0.0, 0.7619047619047619], "adaptive_substitutions_per_codon": [0.0, 0.0, 0.0, 0.0, 0.001840349666436623], "rate_of_adaptation": 0.00036806993328732465}