{"virus": "mersAfrica", "subtype": null, "gene": "Nsp3", "window": 3, "min_seqs": 3, "midfreq_high": 0.75, "midfreq_low": 0.15, "window_midpoint": [2014.5, 2015.5, 2016.5, 2017.5, 2018.5, 2019.5, 2020.5, 2021.5], "adaptive_substitutions": [0.0, 0.0, 0.0, 0.0, 5.497867596142008, 5.338356655396062, 5.685527526431358, 19.811274392205785], "adaptive_substitutions_per_codon": [0.0, 0.0, 0.0, 0.0, 0.002913549335528356, 0.002829017835398019, 0.0030129981592111063, 0.01049882055760773], "rate_of_adaptation": 0.0011899683040599055}