{"virus": "mers", "subtype": null, "gene": "N", "window": 3, "min_seqs": 5, "midfreq_high": 0.75, "midfreq_low": 0.15, "window_midpoint": [2014.5, 2015.5, 2016.5, 2017.5, 2018.5, 2019.5, 2020.5, 2021.5], "adaptive_substitutions": [0.0, 0.0, 0.0, 0.0, 0.0, 0.8260869565217391, 1.0, 4.0], "adaptive_substitutions_per_codon": [0.0, 0.0, 0.0, 0.0, 0.0, 0.0019953791220331863, 0.0024154589371980675, 0.00966183574879227], "rate_of_adaptation": 0.0010201938368289973}