{"virus": "mers", "subtype": null, "gene": "Exon", "window": 3, "min_seqs": 5, "midfreq_high": 0.75, "midfreq_low": 0.15, "window_midpoint": [2014.5, 2015.5, 2016.5, 2017.5, 2018.5, 2019.5, 2020.5, 2021.5], "adaptive_substitutions": [0.0, 0.0, 0.0, 0.0, 0.0, 0.0, 0.0, 2.065950920245399], "adaptive_substitutions_per_codon": [0.0, 0.0, 0.0, 0.0, 0.0, 0.0, 0.0, 0.0039426544279492345], "rate_of_adaptation": 0.00032855453566243617}