{"virus": "mersAsia", "subtype": null, "gene": "Nsp3", "window": 1, "min_seqs": 3, "midfreq_high": 0.9, "midfreq_low": 0.15, "window_midpoint": [2013.5, 2014.5, 2015.5, 2016.5, 2017.5, 2018.5], "adaptive_substitutions": [0.0, 0.0, 0.0, 4.778765057186157, 3.7106427185679345, 7.644637367031681], "adaptive_substitutions_per_codon": [0.0, 0.0, 0.0, 0.002532466908948679, 0.001966424334164247, 0.00405121217118796], "rate_of_adaptation": 0.0008196514504966063}