{"virus": "mers", "subtype": null, "gene": "Nsp2", "window": 2, "min_seqs": 3, "midfreq_high": 0.75, "midfreq_low": 0.15, "window_midpoint": [2014.0, 2015.0, 2016.0, 2017.0, 2018.0, 2019.0, 2020.0, 2022.0], "adaptive_substitutions": [0.0, 0.0, 0.0, 0.0, 0.0, 2.8649454643681325, 3.4811520086439565, 3.702880021609891], "adaptive_substitutions_per_codon": [0.0, 0.0, 0.0, 0.0, 0.0, 0.004340826461163837, 0.005274472740369631, 0.005610424275166502], "rate_of_adaptation": 0.0008629797563174254}