{"virus": "mers", "subtype": null, "gene": "Nsp3", "window": 1, "min_seqs": 3, "midfreq_high": 0.9, "midfreq_low": 0.15, "window_midpoint": [2013.5, 2014.5, 2015.5, 2016.5, 2017.5, 2018.5, 2019.5, 2022.5], "adaptive_substitutions": [0.0, 0.0, 0.0, 0.0, 0.0, 0.0, 15.57260923893506, 32.69421492443356], "adaptive_substitutions_per_codon": [0.0, 0.0, 0.0, 0.0, 0.0, 0.0, 0.008252575113373111, 0.01732602804686463], "rate_of_adaptation": 0.0018408393487584673}