{"virus": "mersAfrica", "subtype": null, "gene": "RdRp", "window": 3, "min_seqs": 5, "midfreq_high": 0.75, "midfreq_low": 0.15, "window_midpoint": [2014.5, 2015.5, 2016.5, 2017.5, 2018.5, 2019.5, 2020.5, 2021.5], "adaptive_substitutions": [0.0, 0.0, 0.0, 0.0, 1.8574226400313358, 1.8101449275362318, 1.9130434782608696, 3.539855072463768], "adaptive_substitutions_per_codon": [0.0, 0.0, 0.0, 0.0, 0.00199080668813648, 0.00194013389875266, 0.0020504217344703853, 0.0037940568836696336], "rate_of_adaptation": 0.0005312108957432598}