{"virus": "mersAfrica", "subtype": null, "gene": "Nsp5", "window": 1, "min_seqs": 5, "midfreq_high": 0.75, "midfreq_low": 0.15, "window_midpoint": [2015.5, 2016.5, 2017.5, 2019.5, 2022.5], "adaptive_substitutions": [0.0, 0.8, 0.8888888888888888, 1.0, 1.0], "adaptive_substitutions_per_codon": [0.0, 0.0026143790849673205, 0.002904865649963689, 0.0032679738562091504, 0.0032679738562091504], "rate_of_adaptation": 0.00034471701138367804}