{"virus": "mersAfrica", "subtype": null, "gene": "S1", "window": 3, "min_seqs": 3, "midfreq_high": 0.75, "midfreq_low": 0.15, "window_midpoint": [2014.5, 2015.5, 2016.5, 2017.5, 2018.5, 2019.5, 2020.5, 2021.5], "adaptive_substitutions": [0.0, 0.0, 0.0, 0.0, 2.7162162162162167, 2.576973684210526, 2.8026315789473686, 3.4078947368421053], "adaptive_substitutions_per_codon": [0.0, 0.0, 0.0, 0.0, 0.0037106778910057604, 0.0035204558527466203, 0.0038287316652286458, 0.004655593902789762], "rate_of_adaptation": 0.0007857721558918713}