{"virus": "mersAfrica", "subtype": null, "gene": "RdRp", "window": 3, "min_seqs": 3, "midfreq_high": 0.9, "midfreq_low": 0.01, "window_midpoint": [2014.5, 2015.5, 2016.5, 2017.5, 2018.5, 2019.5, 2020.5, 2021.5], "adaptive_substitutions": [0.0, 0.0, 0.0, 0.0, 1.8969948033410322, 1.850312424276251, 1.951915249299598, 1.951915249299598], "adaptive_substitutions_per_codon": [0.0, 0.0, 0.0, 0.0, 0.002033220582359091, 0.001983185878109594, 0.0020920849402996764, 0.0020920849402996764], "rate_of_adaptation": 0.00039390235119385705}