{"virus": "mersAfrica", "subtype": null, "gene": "Nsp4", "window": 1, "min_seqs": 5, "midfreq_high": 0.75, "midfreq_low": 0.15, "window_midpoint": [2015.5, 2016.5, 2017.5, 2019.5, 2022.5], "adaptive_substitutions": [0.0, 0.3763955342902711, 2.87418040049619, 2.0, 3.8676236044657095], "adaptive_substitutions_per_codon": [0.0, 0.0007423975035311068, 0.005668994872773551, 0.0039447731755424065, 0.007628448923995482], "rate_of_adaptation": 0.0010033020093135417}