{"virus": "mers", "subtype": null, "gene": "Nsp5", "window": 3, "min_seqs": 5, "midfreq_high": 0.75, "midfreq_low": 0.15, "window_midpoint": [2014.5, 2015.5, 2016.5, 2017.5, 2018.5, 2019.5, 2020.5, 2021.5], "adaptive_substitutions": [0.0, 0.0, 0.0, 0.0, 0.0, 1.505474337067274, 2.7933042212518195, 2.7933042212518195], "adaptive_substitutions_per_codon": [0.0, 0.0, 0.0, 0.0, 0.0, 0.004919850774729654, 0.009128445167489606, 0.009128445167489606], "rate_of_adaptation": 0.0014797725515960029}