{"virus": "mers", "subtype": null, "gene": "ORF5", "window": 2, "min_seqs": 5, "midfreq_high": 0.75, "midfreq_low": 0.15, "window_midpoint": [2014.0, 2015.0, 2016.0, 2017.0, 2018.0, 2019.0, 2020.0, 2022.0], "adaptive_substitutions": [0.0, 0.0, 0.0, 0.0, 0.0, 0.7597308352025334, 0.9085631349782293, 0.0], "adaptive_substitutions_per_codon": [0.0, 0.0, 0.0, 0.0, 0.0, 0.003376581489789037, 0.004038058377681019, 0.0], "rate_of_adaptation": 0.0002853772069263629}