{"virus": "mersAsia", "subtype": null, "gene": "Exon", "window": 1, "min_seqs": 3, "midfreq_high": 0.9, "midfreq_low": 0.15, "window_midpoint": [2013.5, 2014.5, 2015.5, 2016.5, 2017.5, 2018.5], "adaptive_substitutions": [0.0, 0.0, 0.0, 0.92, 0.9230769230769231, 1.0], "adaptive_substitutions_per_codon": [0.0, 0.0, 0.0, 0.0017557251908396948, 0.0017615971814445098, 0.0019083969465648854], "rate_of_adaptation": 0.0004737857562285044}