{"virus": "mers", "subtype": null, "gene": "ORF4a", "window": 3, "min_seqs": 5, "midfreq_high": 0.75, "midfreq_low": 0.15, "window_midpoint": [2014.5, 2015.5, 2016.5, 2017.5, 2018.5, 2019.5, 2020.5, 2021.5], "adaptive_substitutions": [0.0, 0.0, 0.0, 0.0, 0.0, 0.82935780038574, 1.0, 1.0], "adaptive_substitutions_per_codon": [0.0, 0.0, 0.0, 0.0, 0.0, 0.007539616367143091, 0.00909090909090909, 0.00909090909090909], "rate_of_adaptation": 0.0015679733118135518}