{"virus": "mers", "subtype": null, "gene": "Nsp4", "window": 2, "min_seqs": 5, "midfreq_high": 0.75, "midfreq_low": 0.15, "window_midpoint": [2014.0, 2015.0, 2016.0, 2017.0, 2018.0, 2019.0, 2020.0, 2022.0], "adaptive_substitutions": [0.0, 0.0, 0.0, 0.0, 0.0, 1.5577167019027485, 1.9423255813953488, 4.826976744186046], "adaptive_substitutions_per_codon": [0.0, 0.0, 0.0, 0.0, 0.0, 0.0030724195303801745, 0.0038310169258290905, 0.009520664189716067], "rate_of_adaptation": 0.0011022786542982381}