{"virus": "mers", "subtype": null, "gene": "RdRp", "window": 3, "min_seqs": 5, "midfreq_high": 0.75, "midfreq_low": 0.15, "window_midpoint": [2014.5, 2015.5, 2016.5, 2017.5, 2018.5, 2019.5, 2020.5, 2021.5], "adaptive_substitutions": [0.0, 0.0, 0.0, 0.0, 0.0, 1.6521739130434783, 2.0, 3.75], "adaptive_substitutions_per_codon": [0.0, 0.0, 0.0, 0.0, 0.0, 0.0017708187706789692, 0.0021436227224008574, 0.0040192926045016075], "rate_of_adaptation": 0.0005257811685184815}