{"virus": "mers", "subtype": null, "gene": "S2", "window": 3, "min_seqs": 5, "midfreq_high": 0.75, "midfreq_low": 0.15, "window_midpoint": [2014.5, 2015.5, 2016.5, 2017.5, 2018.5, 2019.5, 2020.5, 2021.5], "adaptive_substitutions": [0.0, 0.0, 0.0, 0.0, 0.0, 1.2504667668962623, 1.4825985105415893, 2.3311073039404215], "adaptive_substitutions_per_codon": [0.0, 0.0, 0.0, 0.0, 0.0, 0.002077187320425685, 0.002462788223491012, 0.0038722712690040227], "rate_of_adaptation": 0.0005434690709733367}