{"virus": "mers", "subtype": null, "gene": "Nsp4", "window": 3, "min_seqs": 5, "midfreq_high": 0.75, "midfreq_low": 0.15, "window_midpoint": [2014.5, 2015.5, 2016.5, 2017.5, 2018.5, 2019.5, 2020.5, 2021.5], "adaptive_substitutions": [0.0, 0.0, 0.0, 0.0, 0.0, 1.574438827098079, 1.9423255813953488, 4.430348837209302], "adaptive_substitutions_per_codon": [0.0, 0.0, 0.0, 0.0, 0.0, 0.0031054020258344753, 0.0038310169258290905, 0.008738360625659374], "rate_of_adaptation": 0.0010671406557888632}