{"virus": "mers", "subtype": null, "gene": "Hel", "window": 1, "min_seqs": 3, "midfreq_high": 0.9, "midfreq_low": 0.15, "window_midpoint": [2013.5, 2014.5, 2015.5, 2016.5, 2017.5, 2018.5, 2019.5, 2022.5], "adaptive_substitutions": [0.0, 0.0, 0.0, 0.0, 0.0, 0.0, 1.763676148796499, 1.487964989059081], "adaptive_substitutions_per_codon": [0.0, 0.0, 0.0, 0.0, 0.0, 0.0, 0.0029492912187232424, 0.002488235767657326], "rate_of_adaptation": 0.0003310780339887102}