{"virus": "mersAfrica", "subtype": null, "gene": "Nsp3", "window": 2, "min_seqs": 3, "midfreq_high": 0.9, "midfreq_low": 0.01, "window_midpoint": [2014.0, 2015.0, 2016.0, 2017.0, 2018.0, 2019.0, 2020.0, 2022.0], "adaptive_substitutions": [0.0, 0.0, 0.0, 0.0, 0.0, 0.0, 0.0, 17.56875998256365], "adaptive_substitutions_per_codon": [0.0, 0.0, 0.0, 0.0, 0.0, 0.0, 0.0, 0.009310418644707816], "rate_of_adaptation": 0.0008167033898866504}