{"virus": "mers", "subtype": null, "gene": "ORF8b", "window": 3, "min_seqs": 5, "midfreq_high": 0.75, "midfreq_low": 0.15, "window_midpoint": [2014.5, 2015.5, 2016.5, 2017.5, 2018.5, 2019.5, 2020.5, 2021.5], "adaptive_substitutions": [0.0, 0.0, 0.0, 0.0, 0.0, 0.7950115851165327, 1.0, 4.0], "adaptive_substitutions_per_codon": [0.0, 0.0, 0.0, 0.0, 0.0, 0.0070355007532436524, 0.008849557522123894, 0.035398230088495575], "rate_of_adaptation": 0.0037278797677359463}