{"virus": "mersAfrica", "subtype": null, "gene": "Nsp4", "window": 3, "min_seqs": 5, "midfreq_high": 0.75, "midfreq_low": 0.15, "window_midpoint": [2014.5, 2015.5, 2016.5, 2017.5, 2018.5, 2019.5, 2020.5, 2021.5], "adaptive_substitutions": [0.0, 0.0, 0.0, 0.0, 1.9387904651062546, 1.8867623604465709, 2.0, 3.584529505582137], "adaptive_substitutions_per_codon": [0.0, 0.0, 0.0, 0.0, 0.0038240443098742694, 0.003721424774056353, 0.0039447731755424065, 0.007070077920280349], "rate_of_adaptation": 0.0010024134518061643}