{"virus": "mers", "subtype": null, "gene": "Nsp3", "window": 3, "min_seqs": 5, "midfreq_high": 0.75, "midfreq_low": 0.15, "window_midpoint": [2014.5, 2015.5, 2016.5, 2017.5, 2018.5, 2019.5, 2020.5, 2021.5], "adaptive_substitutions": [0.0, 0.0, 0.0, 0.0, 0.0, 14.348082790181289, 17.243211370996995, 32.006493566706034], "adaptive_substitutions_per_codon": [0.0, 0.0, 0.0, 0.0, 0.0, 0.00760364747757355, 0.00913789685797403, 0.016961575817014327], "rate_of_adaptation": 0.002228945921924894}