{"virus": "mersAsia", "subtype": null, "gene": "ORF3", "window": 1, "min_seqs": 3, "midfreq_high": 0.9, "midfreq_low": 0.15, "window_midpoint": [2013.5, 2014.5, 2015.5, 2016.5, 2017.5, 2018.5], "adaptive_substitutions": [0.0, 0.0, 0.0, 1.776470588235294, 1.7137254901960786, 2.776470588235294], "adaptive_substitutions_per_codon": [0.0, 0.0, 0.0, 0.017081447963800903, 0.01647812971342383, 0.02669683257918552], "rate_of_adaptation": 0.005714285714285713}