{"virus": "mers", "subtype": null, "gene": "S1", "window": 3, "min_seqs": 5, "midfreq_high": 0.75, "midfreq_low": 0.15, "window_midpoint": [2014.5, 2015.5, 2016.5, 2017.5, 2018.5, 2019.5, 2020.5, 2021.5], "adaptive_substitutions": [0.0, 0.0, 0.0, 0.0, 0.0, 4.50319375443577, 5.276082327892123, 6.188786373314407], "adaptive_substitutions_per_codon": [0.0, 0.0, 0.0, 0.0, 0.0, 0.00615190403611444, 0.007207762743022026, 0.00845462619305247], "rate_of_adaptation": 0.001353296537795485}