{"virus": "mersAfrica", "subtype": null, "gene": "ORF8b", "window": 3, "min_seqs": 5, "midfreq_high": 0.75, "midfreq_low": 0.15, "window_midpoint": [2014.5, 2015.5, 2016.5, 2017.5, 2018.5, 2019.5, 2020.5, 2021.5], "adaptive_substitutions": [0.0, 0.0, 0.0, 0.0, 0.9672557172557174, 0.9394230769230769, 1.0, 3.0], "adaptive_substitutions_per_codon": [0.0, 0.0, 0.0, 0.0, 0.008559785108457675, 0.008313478556841388, 0.008849557522123894, 0.02654867256637168], "rate_of_adaptation": 0.0031379609089786085}