{"virus": "mers", "subtype": null, "gene": "Nsp2", "window": 1, "min_seqs": 3, "midfreq_high": 0.9, "midfreq_low": 0.15, "window_midpoint": [2013.5, 2014.5, 2015.5, 2016.5, 2017.5, 2018.5, 2019.5, 2022.5], "adaptive_substitutions": [0.0, 0.0, 0.0, 0.0, 0.0, 0.0, 3.3514400108049456, 3.5731680237708803], "adaptive_substitutions_per_codon": [0.0, 0.0, 0.0, 0.0, 0.0, 0.0, 0.0050779394103105235, 0.0054138909451073945], "rate_of_adaptation": 0.0006697191787397058}