{"virus": "mers", "subtype": null, "gene": "ORF8b", "window": 2, "min_seqs": 5, "midfreq_high": 0.75, "midfreq_low": 0.15, "window_midpoint": [2014.0, 2015.0, 2016.0, 2017.0, 2018.0, 2019.0, 2020.0, 2022.0], "adaptive_substitutions": [0.0, 0.0, 0.0, 0.0, 0.0, 0.7856939298945569, 1.0, 0.0], "adaptive_substitutions_per_codon": [0.0, 0.0, 0.0, 0.0, 0.0, 0.0069530436273854595, 0.008849557522123894, 0.0], "rate_of_adaptation": 0.0006130954206054988}