{"virus": "mersAfrica", "subtype": null, "gene": "Nsp4", "window": 3, "min_seqs": 3, "midfreq_high": 0.9, "midfreq_low": 0.01, "window_midpoint": [2014.5, 2015.5, 2016.5, 2017.5, 2018.5, 2019.5, 2020.5, 2021.5], "adaptive_substitutions": [0.0, 0.0, 0.0, 0.0, 1.9440673857714217, 1.89652466367713, 2.0, 2.0], "adaptive_substitutions_per_codon": [0.0, 0.0, 0.0, 0.0, 0.0038344524374189777, 0.003740679810014063, 0.0039447731755424065, 0.0039447731755424065], "rate_of_adaptation": 0.0007427829758805957}