{"virus": "mersAfrica", "subtype": null, "gene": "ORF3", "window": 3, "min_seqs": 3, "midfreq_high": 0.9, "midfreq_low": 0.01, "window_midpoint": [2014.5, 2015.5, 2016.5, 2017.5, 2018.5, 2019.5, 2020.5, 2021.5], "adaptive_substitutions": [0.0, 0.0, 0.0, 0.0, 0.9710484672094779, 0.9464396643375339, 3.0, 6.857586573501358], "adaptive_substitutions_per_codon": [0.0, 0.0, 0.0, 0.0, 0.009337004492398826, 0.009100381387860903, 0.028846153846153848, 0.06593833243751306], "rate_of_adaptation": 0.0076480624398731194}