{"virus": "mersAfrica", "subtype": null, "gene": "S2", "window": 3, "min_seqs": 3, "midfreq_high": 0.9, "midfreq_low": 0.01, "window_midpoint": [2014.5, 2015.5, 2016.5, 2017.5, 2018.5, 2019.5, 2020.5, 2021.5], "adaptive_substitutions": [0.0, 0.0, 0.0, 0.0, 0.919482448192784, 0.896103520344247, 0.9469870691910627, 1.8409612075731878], "adaptive_substitutions_per_codon": [0.0, 0.0, 0.0, 0.0, 0.001527379482047814, 0.001488544053727985, 0.0015730682212476124, 0.0030580750956365247], "rate_of_adaptation": 0.0004198199811776846}