{"virus": "mers", "subtype": null, "gene": "S1", "window": 2, "min_seqs": 5, "midfreq_high": 0.75, "midfreq_low": 0.15, "window_midpoint": [2014.0, 2015.0, 2016.0, 2017.0, 2018.0, 2019.0, 2020.0, 2022.0], "adaptive_substitutions": [0.0, 0.0, 0.0, 0.0, 0.0, 4.449871941247261, 5.276082327892123, 0.0], "adaptive_substitutions_per_codon": [0.0, 0.0, 0.0, 0.0, 0.0, 0.006079060029026313, 0.007207762743022026, 0.0], "rate_of_adaptation": 0.0005108199309190677}