{"virus": "mersAfrica", "subtype": null, "gene": "ORF3", "window": 2, "min_seqs": 5, "midfreq_high": 0.75, "midfreq_low": 0.15, "window_midpoint": [2014.0, 2015.0, 2016.0, 2017.0, 2018.0, 2019.0, 2020.0, 2022.0], "adaptive_substitutions": [0.0, 0.0, 0.0, 0.0, 0.0, 0.0, 2.0, 0.0], "adaptive_substitutions_per_codon": [0.0, 0.0, 0.0, 0.0, 0.0, 0.0, 0.019230769230769232, 0.0], "rate_of_adaptation": 0.0009157509157509159}