{"virus": "mers", "subtype": null, "gene": "ORF3", "window": 2, "min_seqs": 3, "midfreq_high": 0.75, "midfreq_low": 0.15, "window_midpoint": [2014.0, 2015.0, 2016.0, 2017.0, 2018.0, 2019.0, 2020.0, 2022.0], "adaptive_substitutions": [0.0, 0.0, 0.0, 0.0, 0.0, 1.5326643053915783, 4.532664305391578, 0.0], "adaptive_substitutions_per_codon": [0.0, 0.0, 0.0, 0.0, 0.0, 0.01473715678261133, 0.04358331062876518, 0.0], "rate_of_adaptation": 0.002481683274574594}