{"virus": "mersAsia", "subtype": null, "gene": "Nsp4", "window": 1, "min_seqs": 3, "midfreq_high": 0.9, "midfreq_low": 0.15, "window_midpoint": [2013.5, 2014.5, 2015.5, 2016.5, 2017.5, 2018.5], "adaptive_substitutions": [0.0, 0.0, 0.0, 1.0, 0.9743589743589743, 1.0], "adaptive_substitutions_per_codon": [0.0, 0.0, 0.0, 0.0019723865877712033, 0.0019218125727001466, 0.0019723865877712033], "rate_of_adaptation": 0.0005028502069922188}