{"virus": "mersAsia", "subtype": null, "gene": "ORF3", "window": 2, "min_seqs": 3, "midfreq_high": 0.9, "midfreq_low": 0.15, "window_midpoint": [2014.0, 2015.0, 2016.0, 2017.0, 2018.0], "adaptive_substitutions": [0.0, 0.0, 0.0, 1.7376283846872083, 1.7182072829131654], "adaptive_substitutions_per_codon": [0.0, 0.0, 0.0, 0.016707965237377, 0.01652122387416505], "rate_of_adaptation": 0.004975041298570711}