{"virus": "mersAfrica", "subtype": null, "gene": "Nsp2", "window": 1, "min_seqs": 5, "midfreq_high": 0.75, "midfreq_low": 0.15, "window_midpoint": [2015.5, 2016.5, 2017.5, 2019.5, 2022.5], "adaptive_substitutions": [0.0, 1.1465648854961832, 0.0, 0.0, 0.2442748091603053], "adaptive_substitutions_per_codon": [0.0, 0.0017372195234790653, 0.0, 0.0, 0.0003701133472125838], "rate_of_adaptation": -5.1055814414593054e-05}