{"virus": "mers", "subtype": null, "gene": "Nsp5", "window": 2, "min_seqs": 3, "midfreq_high": 0.75, "midfreq_low": 0.15, "window_midpoint": [2014.0, 2015.0, 2016.0, 2017.0, 2018.0, 2019.0, 2020.0, 2022.0], "adaptive_substitutions": [0.0, 0.0, 0.0, 0.0, 0.0, 1.4923911605134312, 2.7933042212518195, 2.7933042212518195], "adaptive_substitutions_per_codon": [0.0, 0.0, 0.0, 0.0, 0.0, 0.004877095295795527, 0.009128445167489606, 0.009128445167489606], "rate_of_adaptation": 0.0013698849305719036}