{"virus": "mers", "subtype": null, "gene": "Nsp4", "window": 1, "min_seqs": 3, "midfreq_high": 0.9, "midfreq_low": 0.15, "window_midpoint": [2013.5, 2014.5, 2015.5, 2016.5, 2017.5, 2018.5, 2019.5, 2022.5], "adaptive_substitutions": [0.0, 0.0, 0.0, 0.0, 0.0, 0.0, 1.9423255813953488, 4.826976744186046], "adaptive_substitutions_per_codon": [0.0, 0.0, 0.0, 0.0, 0.0, 0.0, 0.0038310169258290905, 0.009520664189716067], "rate_of_adaptation": 0.0009849289929264673}