{"virus": "mersAfrica", "subtype": null, "gene": "Nsp2", "window": 2, "min_seqs": 3, "midfreq_high": 0.75, "midfreq_low": 0.15, "window_midpoint": [2014.0, 2015.0, 2016.0, 2017.0, 2018.0, 2019.0, 2020.0, 2022.0], "adaptive_substitutions": [0.0, 0.0, 0.0, 0.0, 0.0, 0.0, 0.0, 0.4122137404580153], "adaptive_substitutions_per_codon": [0.0, 0.0, 0.0, 0.0, 0.0, 0.0, 0.0, 0.0006245662734212353], "rate_of_adaptation": 5.4786515212389055e-05}