{"virus": "mersAfrica", "subtype": null, "gene": "M", "window": 1, "min_seqs": 5, "midfreq_high": 0.75, "midfreq_low": 0.15, "window_midpoint": [2015.5, 2016.5, 2017.5, 2019.5, 2022.5], "adaptive_substitutions": [0.0, 0.6677685950413224, 0.0, 0.0, 0.0], "adaptive_substitutions_per_codon": [0.0, 0.003035311795642374, 0.0, 0.0, 0.0], "rate_of_adaptation": -0.00017738835169338552}