{"virus": "mersAfrica", "subtype": null, "gene": "N", "window": 3, "min_seqs": 3, "midfreq_high": 0.9, "midfreq_low": 0.01, "window_midpoint": [2014.5, 2015.5, 2016.5, 2017.5, 2018.5, 2019.5, 2020.5, 2021.5], "adaptive_substitutions": [0.0, 0.0, 0.0, 0.0, 0.8378246141656295, 0.814080660622279, 0.8657586771578064, 3.7650776850261614], "adaptive_substitutions_per_codon": [0.0, 0.0, 0.0, 0.0, 0.0020237309520908923, 0.001966378407300191, 0.0020912045341976, 0.009094390543541452], "rate_of_adaptation": 0.0009766621744020194}