{"virus": "mers", "subtype": null, "gene": "M", "window": 3, "min_seqs": 5, "midfreq_high": 0.75, "midfreq_low": 0.15, "window_midpoint": [2014.5, 2015.5, 2016.5, 2017.5, 2018.5, 2019.5, 2020.5, 2021.5], "adaptive_substitutions": [0.0, 0.0, 0.0, 0.0, 0.0, 0.4257648953301127, 0.6074074074074074, 0.0], "adaptive_substitutions_per_codon": [0.0, 0.0, 0.0, 0.0, 0.0, 0.0019352949787732395, 0.002760942760942761, 0.0], "rate_of_adaptation": 0.00023345950882182765}