{"virus": "mersAfrica", "subtype": null, "gene": "N", "window": 3, "min_seqs": 3, "midfreq_high": 0.75, "midfreq_low": 0.15, "window_midpoint": [2014.5, 2015.5, 2016.5, 2017.5, 2018.5, 2019.5, 2020.5, 2021.5], "adaptive_substitutions": [0.0, 0.0, 0.0, 0.0, 0.64084703259961, 0.615979381443299, 0.6701030927835052, 3.4226804123711343], "adaptive_substitutions_per_codon": [0.0, 0.0, 0.0, 0.0, 0.0015479396922695892, 0.0014878729020369541, 0.0016186065043079837, 0.008267343991234624], "rate_of_adaptation": 0.000856857129268604}