{"virus": "mersAfrica", "subtype": null, "gene": "Nsp3", "window": 1, "min_seqs": 5, "midfreq_high": 0.9, "midfreq_low": 0.15, "window_midpoint": [2015.5, 2016.5, 2017.5, 2019.5, 2022.5], "adaptive_substitutions": [0.0, 0.0, 5.685527526431358, 5.685527526431358, 22.270401395372467], "adaptive_substitutions_per_codon": [0.0, 0.0, 0.0030129981592111063, 0.0030129981592111063, 0.011802014517950432], "rate_of_adaptation": 0.0016484954623076707}