{"virus": "mersAsia", "subtype": null, "gene": "ORF4b", "window": 2, "min_seqs": 3, "midfreq_high": 0.75, "midfreq_low": 0.15, "window_midpoint": [2014.0, 2015.0, 2016.0, 2017.0, 2018.0], "adaptive_substitutions": [0.0, 0.0, 0.0, 0.9826890105635749, 0.948067031690725], "adaptive_substitutions_per_codon": [0.0, 0.0, 0.0, 0.003978498018476012, 0.0038383280635252027], "rate_of_adaptation": 0.0011655154145526418}