{"virus": "mersAfrica", "subtype": null, "gene": "Nsp5", "window": 3, "min_seqs": 5, "midfreq_high": 0.75, "midfreq_low": 0.15, "window_midpoint": [2014.5, 2015.5, 2016.5, 2017.5, 2018.5, 2019.5, 2020.5, 2021.5], "adaptive_substitutions": [0.0, 0.0, 0.0, 0.0, 0.8648648648648649, 0.85, 1.0, 1.0], "adaptive_substitutions_per_codon": [0.0, 0.0, 0.0, 0.0, 0.0028263557675322383, 0.002777777777777778, 0.0032679738562091504, 0.0032679738562091504], "rate_of_adaptation": 0.0005997068497068498}