{"virus": "mersAfrica", "subtype": null, "gene": "Hel", "window": 3, "min_seqs": 3, "midfreq_high": 0.9, "midfreq_low": 0.01, "window_midpoint": [2014.5, 2015.5, 2016.5, 2017.5, 2018.5, 2019.5, 2020.5, 2021.5], "adaptive_substitutions": [0.0, 0.0, 0.0, 0.0, 0.9460012725109962, 0.9227226202661207, 0.9733879222108496, 0.9733879222108496], "adaptive_substitutions_per_codon": [0.0, 0.0, 0.0, 0.0, 0.0015819419272759133, 0.001543014415160737, 0.0016277390003525912, 0.0016277390003525912], "rate_of_adaptation": 0.000306474442583205}