{"virus": "mersAfrica", "subtype": null, "gene": "N", "window": 1, "min_seqs": 5, "midfreq_high": 0.9, "midfreq_low": 0.15, "window_midpoint": [2015.5, 2016.5, 2017.5, 2019.5, 2022.5], "adaptive_substitutions": [0.0, 0.0, 0.6701030927835052, 0.6701030927835052, 0.0], "adaptive_substitutions_per_codon": [0.0, 0.0, 0.0016186065043079837, 0.0016186065043079837, 0.0], "rate_of_adaptation": 2.1020863692311486e-05}