{"virus": "mersAfrica", "subtype": null, "gene": "Nsp3", "window": 3, "min_seqs": 3, "midfreq_high": 0.9, "midfreq_low": 0.01, "window_midpoint": [2014.5, 2015.5, 2016.5, 2017.5, 2018.5, 2019.5, 2020.5, 2021.5], "adaptive_substitutions": [0.0, 0.0, 0.0, 0.0, 5.734236632447723, 5.589794217766266, 5.904168885014144, 6.904168885014144], "adaptive_substitutions_per_codon": [0.0, 0.0, 0.0, 0.0, 0.003038811145971236, 0.002962265086256633, 0.0031288653338707706, 0.003658807040283065], "rate_of_adaptation": 0.0006331140756675767}