{"virus": "mersAfrica", "subtype": null, "gene": "S1", "window": 3, "min_seqs": 3, "midfreq_high": 0.9, "midfreq_low": 0.01, "window_midpoint": [2014.5, 2015.5, 2016.5, 2017.5, 2018.5, 2019.5, 2020.5, 2021.5], "adaptive_substitutions": [0.0, 0.0, 0.0, 0.0, 2.8516464062315596, 2.7812227074235802, 2.9344978165938866, 3.8034934497816595], "adaptive_substitutions_per_codon": [0.0, 0.0, 0.0, 0.0, 0.003895691811791748, 0.003799484572983033, 0.004008876798625528, 0.0051960293029804094], "rate_of_adaptation": 0.0008536992219610875}