{"virus": "mersAfrica", "subtype": null, "gene": "NendoU", "window": 2, "min_seqs": 3, "midfreq_high": 0.75, "midfreq_low": 0.15, "window_midpoint": [2014.0, 2015.0, 2016.0, 2017.0, 2018.0, 2019.0, 2020.0, 2022.0], "adaptive_substitutions": [0.0, 0.0, 0.0, 0.0, 0.0, 0.0, 0.0, 0.6348733233979136], "adaptive_substitutions_per_codon": [0.0, 0.0, 0.0, 0.0, 0.0, 0.0, 0.0, 0.001850942633813159], "rate_of_adaptation": 0.00016236338893097884}