{"virus": "mersAsia", "subtype": null, "gene": "Exon", "window": 2, "min_seqs": 3, "midfreq_high": 0.75, "midfreq_low": 0.15, "window_midpoint": [2014.0, 2015.0, 2016.0, 2017.0, 2018.0], "adaptive_substitutions": [0.0, 0.0, 0.0, 0.921875, 0.9285714285714286], "adaptive_substitutions_per_codon": [0.0, 0.0, 0.0, 0.0017593034351145037, 0.0017720828789531081], "rate_of_adaptation": 0.000530346919302072}