,Hel,Nsp2,Nsp3,Nsp5,Nsp6,Orf5,Orf8b,ExoN,N,NendoU,Nsp4,Nsp8,Orf4b,S1,S2,Nsp1,Nsp7,Orf3,RdRpb,2Omethyltransferase,M,Orf4a,E,Nsp9,Nsp10
Camel,0.00021482107522855293,0.000402771165645855,0.0005813548286915984,0.00029003215118232584,0.0001926197179338428,0.001733276346910009,0.0034671909626460716,0.00021110496211610344,0.0009738820107068825,9.427873985565198e-05,0.0003416760832312529,6.262563604441953e-06,0.0019251717530822726,0.0011056810726634925,0.00033726197393591715,0.0004896209647730017,-1.1047781309981147e-05,0.00997785406616511,0.4596883208595571,0.12649369764000357,0.0003159284595373427,0.0015004243525994874,0.0009746054525536072,6.0080703667215615e-05,0.00010158833853123808
